y_true,y_pred,subject_id,fold_id,model
W,W,slp37,4,random_forest
N1,W,slp37,4,random_forest
N1,W,slp37,4,random_forest
W,W,slp37,4,random_forest
N1,W,slp37,4,random_forest
N1,W,slp37,4,random_forest
N2,W,slp37,4,random_forest
N2,W,slp37,4,random_forest
N2,W,slp37,4,random_forest
N2,W,slp37,4,random_forest
N2,W,slp37,4,random_forest
N2,W,slp37,4,random_forest
N2,W,slp37,4,random_forest
N2,W,slp37,4,random_forest
N2,W,slp37,4,random_forest
N2,W,slp37,4,random_forest
N2,W,slp37,4,random_forest
N2,W,slp37,4,random_forest
N2,W,slp37,4,random_forest
N2,W,slp37,4,random_forest
N2,W,slp37,4,random_forest
N2,W,slp37,4,random_forest
N2,W,slp37,4,random_forest
N2,W,slp37,4,random_forest
N2,W,slp37,4,random_forest
N2,W,slp37,4,random_forest
N2,W,slp37,4,random_forest
N2,W,slp37,4,random_forest
N2,W,slp37,4,random_forest
N2,W,slp37,4,random_forest
N2,W,slp37,4,random_forest
N2,W,slp37,4,random_forest
N2,W,slp37,4,random_forest
N2,W,slp37,4,random_forest
N2,W,slp37,4,random_forest
N2,W,slp37,4,random_forest
N2,W,slp37,4,random_forest
N2,W,slp37,4,random_forest
N2,W,slp37,4,random_forest
N2,W,slp37,4,random_forest
N2,W,slp37,4,random_forest
N2,W,slp37,4,random_forest
N2,W,slp37,4,random_forest
N2,W,slp37,4,random_forest
N2,W,slp37,4,random_forest
N2,W,slp37,4,random_forest
N2,W,slp37,4,random_forest
N2,W,slp37,4,random_forest
N2,W,slp37,4,random_forest
N2,W,slp37,4,random_forest
N2,W,slp37,4,random_forest
N2,W,slp37,4,random_forest
N2,W,slp37,4,random_forest
N2,W,slp37,4,random_forest
N2,W,slp37,4,random_forest
N2,W,slp37,4,random_forest
N2,W,slp37,4,random_forest
N2,W,slp37,4,random_forest
N2,W,slp37,4,random_forest
N2,W,slp37,4,random_forest
N2,W,slp37,4,random_forest
N2,W,slp37,4,random_forest
N2,W,slp37,4,random_forest
N2,W,slp37,4,random_forest
N2,W,slp37,4,random_forest
N2,W,slp37,4,random_forest
N2,W,slp37,4,random_forest
N2,W,slp37,4,random_forest
N2,W,slp37,4,random_forest
N2,W,slp37,4,random_forest
N2,W,slp37,4,random_forest
N2,W,slp37,4,random_forest
N2,W,slp37,4,random_forest
N2,W,slp37,4,random_forest
N2,W,slp37,4,random_forest
N2,W,slp37,4,random_forest
N2,W,slp37,4,random_forest
N2,W,slp37,4,random_forest
N2,W,slp37,4,random_forest
N2,W,slp37,4,random_forest
N2,W,slp37,4,random_forest
N2,W,slp37,4,random_forest
N2,W,slp37,4,random_forest
N2,W,slp37,4,random_forest
N2,W,slp37,4,random_forest
N2,W,slp37,4,random_forest
N2,W,slp37,4,random_forest
N2,W,slp37,4,random_forest
N2,W,slp37,4,random_forest
N2,W,slp37,4,random_forest
N2,W,slp37,4,random_forest
N2,W,slp37,4,random_forest
N2,W,slp37,4,random_forest
N2,W,slp37,4,random_forest
N2,W,slp37,4,random_forest
N2,W,slp37,4,random_forest
N2,W,slp37,4,random_forest
N2,W,slp37,4,random_forest
N2,W,slp37,4,random_forest
N2,W,slp37,4,random_forest
N2,W,slp37,4,random_forest
N2,W,slp37,4,random_forest
N2,W,slp37,4,random_forest
N2,W,slp37,4,random_forest
N2,W,slp37,4,random_forest
N2,W,slp37,4,random_forest
N2,W,slp37,4,random_forest
N2,W,slp37,4,random_forest
N2,W,slp37,4,random_forest
N2,W,slp37,4,random_forest
N2,W,slp37,4,random_forest
N2,W,slp37,4,random_forest
N2,W,slp37,4,random_forest
N2,W,slp37,4,random_forest
N2,W,slp37,4,random_forest
N2,W,slp37,4,random_forest
N2,W,slp37,4,random_forest
N2,W,slp37,4,random_forest
N2,W,slp37,4,random_forest
N2,W,slp37,4,random_forest
N2,W,slp37,4,random_forest
N2,W,slp37,4,random_forest
N2,W,slp37,4,random_forest
N2,W,slp37,4,random_forest
N2,W,slp37,4,random_forest
N2,W,slp37,4,random_forest
N2,W,slp37,4,random_forest
N2,W,slp37,4,random_forest
N2,W,slp37,4,random_forest
N2,W,slp37,4,random_forest
N2,W,slp37,4,random_forest
N2,W,slp37,4,random_forest
N2,W,slp37,4,random_forest
N2,W,slp37,4,random_forest
N2,W,slp37,4,random_forest
N2,W,slp37,4,random_forest
N2,W,slp37,4,random_forest
N2,W,slp37,4,random_forest
N2,W,slp37,4,random_forest
N2,W,slp37,4,random_forest
N2,W,slp37,4,random_forest
N2,W,slp37,4,random_forest
N2,W,slp37,4,random_forest
N2,W,slp37,4,random_forest
N2,W,slp37,4,random_forest
N2,W,slp37,4,random_forest
N2,W,slp37,4,random_forest
N2,W,slp37,4,random_forest
N2,W,slp37,4,random_forest
N1,W,slp37,4,random_forest
N2,W,slp37,4,random_forest
N2,W,slp37,4,random_forest
N2,W,slp37,4,random_forest
N2,W,slp37,4,random_forest
N2,W,slp37,4,random_forest
W,W,slp37,4,random_forest
N1,W,slp37,4,random_forest
N2,W,slp37,4,random_forest
N1,W,slp37,4,random_forest
N2,W,slp37,4,random_forest
W,W,slp37,4,random_forest
N2,W,slp37,4,random_forest
N2,W,slp37,4,random_forest
N2,W,slp37,4,random_forest
N2,W,slp37,4,random_forest
N2,W,slp37,4,random_forest
N2,W,slp37,4,random_forest
N2,W,slp37,4,random_forest
N2,W,slp37,4,random_forest
N2,W,slp37,4,random_forest
N2,W,slp37,4,random_forest
N2,W,slp37,4,random_forest
N2,W,slp37,4,random_forest
N2,W,slp37,4,random_forest
N2,W,slp37,4,random_forest
N2,W,slp37,4,random_forest
N2,W,slp37,4,random_forest
N2,W,slp37,4,random_forest
N2,W,slp37,4,random_forest
N2,W,slp37,4,random_forest
N2,W,slp37,4,random_forest
N2,W,slp37,4,random_forest
N2,W,slp37,4,random_forest
N2,W,slp37,4,random_forest
N2,W,slp37,4,random_forest
N2,W,slp37,4,random_forest
N2,W,slp37,4,random_forest
N2,W,slp37,4,random_forest
N2,W,slp37,4,random_forest
N2,W,slp37,4,random_forest
N2,W,slp37,4,random_forest
N2,W,slp37,4,random_forest
N2,W,slp37,4,random_forest
N2,W,slp37,4,random_forest
N2,W,slp37,4,random_forest
N2,W,slp37,4,random_forest
N2,W,slp37,4,random_forest
N2,W,slp37,4,random_forest
N2,W,slp37,4,random_forest
N2,W,slp37,4,random_forest
N2,W,slp37,4,random_forest
N2,W,slp37,4,random_forest
N2,W,slp37,4,random_forest
W,W,slp37,4,random_forest
W,W,slp37,4,random_forest
N1,W,slp37,4,random_forest
N2,W,slp37,4,random_forest
N2,W,slp37,4,random_forest
N2,W,slp37,4,random_forest
N2,W,slp37,4,random_forest
N2,W,slp37,4,random_forest
N2,W,slp37,4,random_forest
N2,W,slp37,4,random_forest
N2,W,slp37,4,random_forest
N2,W,slp37,4,random_forest
N2,W,slp37,4,random_forest
N2,W,slp37,4,random_forest
N2,W,slp37,4,random_forest
N2,W,slp37,4,random_forest
N2,W,slp37,4,random_forest
N2,W,slp37,4,random_forest
N2,W,slp37,4,random_forest
N2,W,slp37,4,random_forest
N2,W,slp37,4,random_forest
N2,W,slp37,4,random_forest
N2,W,slp37,4,random_forest
N2,W,slp37,4,random_forest
N2,W,slp37,4,random_forest
N2,W,slp37,4,random_forest
N2,W,slp37,4,random_forest
N2,W,slp37,4,random_forest
N2,W,slp37,4,random_forest
N2,W,slp37,4,random_forest
N2,W,slp37,4,random_forest
N2,W,slp37,4,random_forest
N2,W,slp37,4,random_forest
N2,W,slp37,4,random_forest
N2,W,slp37,4,random_forest
W,W,slp37,4,random_forest
W,W,slp37,4,random_forest
W,W,slp37,4,random_forest
W,W,slp37,4,random_forest
W,W,slp37,4,random_forest
N1,W,slp37,4,random_forest
N2,W,slp37,4,random_forest
N2,W,slp37,4,random_forest
N2,W,slp37,4,random_forest
N2,W,slp37,4,random_forest
N2,W,slp37,4,random_forest
N2,W,slp37,4,random_forest
N2,W,slp37,4,random_forest
N2,W,slp37,4,random_forest
N2,W,slp37,4,random_forest
N2,W,slp37,4,random_forest
N2,W,slp37,4,random_forest
N2,W,slp37,4,random_forest
N2,W,slp37,4,random_forest
N2,W,slp37,4,random_forest
N2,W,slp37,4,random_forest
N2,W,slp37,4,random_forest
N2,W,slp37,4,random_forest
N2,W,slp37,4,random_forest
N2,W,slp37,4,random_forest
N2,W,slp37,4,random_forest
N2,W,slp37,4,random_forest
N2,W,slp37,4,random_forest
N2,W,slp37,4,random_forest
N2,W,slp37,4,random_forest
N2,W,slp37,4,random_forest
N2,W,slp37,4,random_forest
N2,W,slp37,4,random_forest
N2,W,slp37,4,random_forest
N2,W,slp37,4,random_forest
N2,W,slp37,4,random_forest
N2,W,slp37,4,random_forest
N2,W,slp37,4,random_forest
N2,W,slp37,4,random_forest
N2,W,slp37,4,random_forest
N2,W,slp37,4,random_forest
N2,W,slp37,4,random_forest
N2,W,slp37,4,random_forest
N2,W,slp37,4,random_forest
N2,W,slp37,4,random_forest
N2,W,slp37,4,random_forest
N2,W,slp37,4,random_forest
N2,W,slp37,4,random_forest
N2,W,slp37,4,random_forest
N2,W,slp37,4,random_forest
N2,W,slp37,4,random_forest
N2,W,slp37,4,random_forest
N2,W,slp37,4,random_forest
N2,N2,slp37,4,random_forest
N2,W,slp37,4,random_forest
N2,W,slp37,4,random_forest
N2,W,slp37,4,random_forest
N2,W,slp37,4,random_forest
N2,W,slp37,4,random_forest
N2,W,slp37,4,random_forest
N2,W,slp37,4,random_forest
N2,W,slp37,4,random_forest
N2,W,slp37,4,random_forest
N2,W,slp37,4,random_forest
N2,W,slp37,4,random_forest
N2,W,slp37,4,random_forest
N2,W,slp37,4,random_forest
N2,W,slp37,4,random_forest
N2,W,slp37,4,random_forest
N2,W,slp37,4,random_forest
W,W,slp37,4,random_forest
W,N2,slp37,4,random_forest
W,N2,slp37,4,random_forest
W,N2,slp37,4,random_forest
W,W,slp37,4,random_forest
W,W,slp37,4,random_forest
W,W,slp37,4,random_forest
W,W,slp37,4,random_forest
W,W,slp37,4,random_forest
W,W,slp37,4,random_forest
W,W,slp37,4,random_forest
W,W,slp37,4,random_forest
W,W,slp37,4,random_forest
W,W,slp37,4,random_forest
W,W,slp37,4,random_forest
W,W,slp37,4,random_forest
W,W,slp37,4,random_forest
W,W,slp37,4,random_forest
W,W,slp37,4,random_forest
W,W,slp37,4,random_forest
W,W,slp37,4,random_forest
W,W,slp37,4,random_forest
W,W,slp37,4,random_forest
W,W,slp37,4,random_forest
W,W,slp37,4,random_forest
W,W,slp37,4,random_forest
W,W,slp37,4,random_forest
W,W,slp37,4,random_forest
W,W,slp37,4,random_forest
W,W,slp37,4,random_forest
W,W,slp37,4,random_forest
W,W,slp37,4,random_forest
W,W,slp37,4,random_forest
W,W,slp37,4,random_forest
W,W,slp37,4,random_forest
W,W,slp37,4,random_forest
W,W,slp37,4,random_forest
W,W,slp37,4,random_forest
W,W,slp37,4,random_forest
W,W,slp37,4,random_forest
W,W,slp37,4,random_forest
W,W,slp37,4,random_forest
N1,W,slp37,4,random_forest
W,W,slp37,4,random_forest
W,W,slp37,4,random_forest
N1,W,slp37,4,random_forest
N1,W,slp37,4,random_forest
N2,W,slp37,4,random_forest
N2,W,slp37,4,random_forest
N2,W,slp37,4,random_forest
N2,W,slp37,4,random_forest
N2,W,slp37,4,random_forest
N2,W,slp37,4,random_forest
W,W,slp37,4,random_forest
N1,W,slp37,4,random_forest
N2,W,slp37,4,random_forest
N2,W,slp37,4,random_forest
N2,W,slp37,4,random_forest
N1,W,slp37,4,random_forest
N2,W,slp37,4,random_forest
N2,W,slp37,4,random_forest
N2,W,slp37,4,random_forest
N2,W,slp37,4,random_forest
N2,W,slp37,4,random_forest
N2,W,slp37,4,random_forest
N2,W,slp37,4,random_forest
N2,W,slp37,4,random_forest
N2,W,slp37,4,random_forest
W,W,slp37,4,random_forest
W,W,slp37,4,random_forest
W,W,slp37,4,random_forest
W,W,slp37,4,random_forest
N1,W,slp37,4,random_forest
N2,W,slp37,4,random_forest
N2,W,slp37,4,random_forest
N2,W,slp37,4,random_forest
N2,W,slp37,4,random_forest
N2,W,slp37,4,random_forest
N2,W,slp37,4,random_forest
N2,W,slp37,4,random_forest
N2,W,slp37,4,random_forest
N2,W,slp37,4,random_forest
N2,W,slp37,4,random_forest
N2,W,slp37,4,random_forest
N2,W,slp37,4,random_forest
N2,W,slp37,4,random_forest
N2,W,slp37,4,random_forest
N2,W,slp37,4,random_forest
N2,W,slp37,4,random_forest
N2,W,slp37,4,random_forest
N2,W,slp37,4,random_forest
N2,W,slp37,4,random_forest
N2,W,slp37,4,random_forest
N2,W,slp37,4,random_forest
N2,W,slp37,4,random_forest
N2,W,slp37,4,random_forest
N2,W,slp37,4,random_forest
N2,W,slp37,4,random_forest
N2,W,slp37,4,random_forest
N2,W,slp37,4,random_forest
N2,W,slp37,4,random_forest
N2,W,slp37,4,random_forest
N2,W,slp37,4,random_forest
N2,W,slp37,4,random_forest
N2,W,slp37,4,random_forest
N2,W,slp37,4,random_forest
N2,W,slp37,4,random_forest
N2,W,slp37,4,random_forest
N2,W,slp37,4,random_forest
N2,W,slp37,4,random_forest
N2,W,slp37,4,random_forest
N2,W,slp37,4,random_forest
N2,W,slp37,4,random_forest
N2,W,slp37,4,random_forest
N2,W,slp37,4,random_forest
N2,W,slp37,4,random_forest
N2,W,slp37,4,random_forest
N2,W,slp37,4,random_forest
N2,W,slp37,4,random_forest
N2,W,slp37,4,random_forest
N2,W,slp37,4,random_forest
N2,W,slp37,4,random_forest
N2,W,slp37,4,random_forest
N2,W,slp37,4,random_forest
N2,W,slp37,4,random_forest
N2,W,slp37,4,random_forest
N2,W,slp37,4,random_forest
N2,W,slp37,4,random_forest
N2,W,slp37,4,random_forest
N2,W,slp37,4,random_forest
N2,W,slp37,4,random_forest
N2,W,slp37,4,random_forest
N2,W,slp37,4,random_forest
N2,W,slp37,4,random_forest
N2,W,slp37,4,random_forest
N2,W,slp37,4,random_forest
N2,W,slp37,4,random_forest
N2,W,slp37,4,random_forest
N2,W,slp37,4,random_forest
N2,W,slp37,4,random_forest
N2,W,slp37,4,random_forest
N2,W,slp37,4,random_forest
N2,W,slp37,4,random_forest
N2,W,slp37,4,random_forest
N2,W,slp37,4,random_forest
N2,W,slp37,4,random_forest
N2,W,slp37,4,random_forest
N2,W,slp37,4,random_forest
N2,W,slp37,4,random_forest
N2,W,slp37,4,random_forest
N2,W,slp37,4,random_forest
N2,W,slp37,4,random_forest
N2,W,slp37,4,random_forest
N2,W,slp37,4,random_forest
N2,W,slp37,4,random_forest
N2,W,slp37,4,random_forest
N2,W,slp37,4,random_forest
N2,W,slp37,4,random_forest
N2,W,slp37,4,random_forest
N2,W,slp37,4,random_forest
N2,W,slp37,4,random_forest
N2,W,slp37,4,random_forest
N2,W,slp37,4,random_forest
N2,W,slp37,4,random_forest
N2,W,slp37,4,random_forest
N2,W,slp37,4,random_forest
N2,W,slp37,4,random_forest
N2,W,slp37,4,random_forest
N2,W,slp37,4,random_forest
N2,W,slp37,4,random_forest
N2,W,slp37,4,random_forest
N2,W,slp37,4,random_forest
N2,W,slp37,4,random_forest
N2,W,slp37,4,random_forest
N2,W,slp37,4,random_forest
N2,W,slp37,4,random_forest
N2,W,slp37,4,random_forest
N2,W,slp37,4,random_forest
N2,W,slp37,4,random_forest
N2,W,slp37,4,random_forest
N2,W,slp37,4,random_forest
N2,W,slp37,4,random_forest
N2,W,slp37,4,random_forest
N2,W,slp37,4,random_forest
N2,W,slp37,4,random_forest
N2,W,slp37,4,random_forest
N2,W,slp37,4,random_forest
N2,W,slp37,4,random_forest
N2,W,slp37,4,random_forest
N2,W,slp37,4,random_forest
N2,W,slp37,4,random_forest
N2,W,slp37,4,random_forest
N2,W,slp37,4,random_forest
N2,W,slp37,4,random_forest
N2,W,slp37,4,random_forest
N2,W,slp37,4,random_forest
N2,W,slp37,4,random_forest
N2,W,slp37,4,random_forest
N2,W,slp37,4,random_forest
N2,W,slp37,4,random_forest
N2,W,slp37,4,random_forest
N2,W,slp37,4,random_forest
N2,W,slp37,4,random_forest
N2,W,slp37,4,random_forest
N2,W,slp37,4,random_forest
N2,W,slp37,4,random_forest
N2,W,slp37,4,random_forest
N2,W,slp37,4,random_forest
N2,W,slp37,4,random_forest
N2,W,slp37,4,random_forest
N2,W,slp37,4,random_forest
N2,W,slp37,4,random_forest
N2,W,slp37,4,random_forest
N2,W,slp37,4,random_forest
N2,W,slp37,4,random_forest
N2,W,slp37,4,random_forest
N2,W,slp37,4,random_forest
N2,W,slp37,4,random_forest
N2,W,slp37,4,random_forest
N2,W,slp37,4,random_forest
N2,W,slp37,4,random_forest
N2,W,slp37,4,random_forest
N2,W,slp37,4,random_forest
N2,W,slp37,4,random_forest
N2,W,slp37,4,random_forest
N2,W,slp37,4,random_forest
N2,W,slp37,4,random_forest
N2,W,slp37,4,random_forest
W,W,slp37,4,random_forest
W,W,slp37,4,random_forest
W,W,slp37,4,random_forest
W,W,slp37,4,random_forest
W,W,slp37,4,random_forest
W,W,slp37,4,random_forest
W,W,slp37,4,random_forest
W,W,slp37,4,random_forest
W,W,slp37,4,random_forest
W,W,slp37,4,random_forest
W,W,slp37,4,random_forest
W,W,slp37,4,random_forest
N1,W,slp37,4,random_forest
N2,W,slp37,4,random_forest
N2,W,slp37,4,random_forest
N2,W,slp37,4,random_forest
N2,W,slp37,4,random_forest
N2,W,slp37,4,random_forest
N2,W,slp37,4,random_forest
N2,W,slp37,4,random_forest
N2,W,slp37,4,random_forest
N2,W,slp37,4,random_forest
N2,W,slp37,4,random_forest
N2,W,slp37,4,random_forest
N2,W,slp37,4,random_forest
N2,N2,slp37,4,random_forest
N2,W,slp37,4,random_forest
N2,W,slp37,4,random_forest
N2,W,slp37,4,random_forest
N2,N2,slp37,4,random_forest
N2,W,slp37,4,random_forest
N2,N2,slp37,4,random_forest
N2,N2,slp37,4,random_forest
N2,N2,slp37,4,random_forest
N2,W,slp37,4,random_forest
N2,W,slp37,4,random_forest
N2,W,slp37,4,random_forest
N2,W,slp37,4,random_forest
N2,W,slp37,4,random_forest
N2,W,slp37,4,random_forest
N2,W,slp37,4,random_forest
N2,W,slp37,4,random_forest
N2,N2,slp37,4,random_forest
N2,N2,slp37,4,random_forest
N2,W,slp37,4,random_forest
N2,W,slp37,4,random_forest
N2,W,slp37,4,random_forest
N2,N2,slp37,4,random_forest
N2,W,slp37,4,random_forest
N2,W,slp37,4,random_forest
N2,W,slp37,4,random_forest
N2,W,slp37,4,random_forest
N2,W,slp37,4,random_forest
N2,N2,slp37,4,random_forest
N2,N2,slp37,4,random_forest
N2,W,slp37,4,random_forest
N2,W,slp37,4,random_forest
N2,W,slp37,4,random_forest
N2,W,slp37,4,random_forest
N2,W,slp37,4,random_forest
N2,W,slp37,4,random_forest
N2,W,slp37,4,random_forest
N2,W,slp37,4,random_forest
N2,N2,slp37,4,random_forest
N2,W,slp37,4,random_forest
N2,W,slp37,4,random_forest
N2,N2,slp37,4,random_forest
N2,N2,slp37,4,random_forest
N2,N2,slp37,4,random_forest
N2,W,slp37,4,random_forest
N2,W,slp37,4,random_forest
N2,W,slp37,4,random_forest
N2,W,slp37,4,random_forest
N2,W,slp37,4,random_forest
N2,W,slp37,4,random_forest
N2,W,slp37,4,random_forest
N2,W,slp37,4,random_forest
N2,W,slp37,4,random_forest
N2,W,slp37,4,random_forest
N2,N2,slp37,4,random_forest
N2,W,slp37,4,random_forest
N2,N2,slp37,4,random_forest
N2,N2,slp37,4,random_forest
N2,N2,slp37,4,random_forest
N2,W,slp37,4,random_forest
N2,W,slp37,4,random_forest
N2,W,slp37,4,random_forest
N2,W,slp37,4,random_forest
N2,W,slp37,4,random_forest
N2,W,slp37,4,random_forest
N2,W,slp37,4,random_forest
N2,W,slp37,4,random_forest
N2,N2,slp37,4,random_forest
N2,N2,slp37,4,random_forest
N2,W,slp37,4,random_forest
N2,N2,slp37,4,random_forest
N2,W,slp37,4,random_forest
N2,W,slp37,4,random_forest
N2,W,slp37,4,random_forest
N2,N2,slp37,4,random_forest
N2,W,slp37,4,random_forest
N2,W,slp37,4,random_forest
N2,W,slp37,4,random_forest
N2,N2,slp37,4,random_forest
N2,W,slp37,4,random_forest
N2,W,slp37,4,random_forest
N2,W,slp37,4,random_forest
N2,W,slp37,4,random_forest
N2,W,slp37,4,random_forest
N2,N2,slp37,4,random_forest
N2,W,slp37,4,random_forest
N2,W,slp37,4,random_forest
N2,W,slp37,4,random_forest
N2,N2,slp37,4,random_forest
N2,W,slp37,4,random_forest
N2,W,slp37,4,random_forest
N2,W,slp37,4,random_forest
N2,N2,slp37,4,random_forest
N2,N3,slp37,4,random_forest
N2,W,slp37,4,random_forest
N2,W,slp37,4,random_forest
N2,W,slp37,4,random_forest
N2,W,slp37,4,random_forest
N2,N2,slp37,4,random_forest
N2,W,slp37,4,random_forest
N2,N2,slp37,4,random_forest
N2,W,slp37,4,random_forest
N2,W,slp37,4,random_forest
N2,W,slp37,4,random_forest
N2,N2,slp37,4,random_forest
N2,N2,slp37,4,random_forest
N2,W,slp37,4,random_forest
N2,N2,slp37,4,random_forest
N2,W,slp37,4,random_forest
N2,W,slp37,4,random_forest
N2,W,slp37,4,random_forest
N2,W,slp37,4,random_forest
N2,W,slp37,4,random_forest
REM,N2,slp37,4,random_forest
REM,W,slp37,4,random_forest
REM,W,slp37,4,random_forest
REM,W,slp37,4,random_forest
REM,W,slp37,4,random_forest
REM,W,slp37,4,random_forest
REM,N2,slp37,4,random_forest
REM,W,slp37,4,random_forest
REM,W,slp37,4,random_forest
REM,W,slp37,4,random_forest
REM,W,slp37,4,random_forest
W,W,slp37,4,random_forest
W,W,slp37,4,random_forest
W,W,slp37,4,random_forest
N1,W,slp37,4,random_forest
N1,W,slp37,4,random_forest
N1,W,slp37,4,random_forest
N1,W,slp37,4,random_forest
N2,W,slp37,4,random_forest
N2,N2,slp37,4,random_forest
N1,W,slp37,4,random_forest
N2,W,slp37,4,random_forest
N2,W,slp37,4,random_forest
N2,N2,slp37,4,random_forest
W,N2,slp48,4,random_forest
W,N2,slp48,4,random_forest
W,N2,slp48,4,random_forest
W,N2,slp48,4,random_forest
W,N2,slp48,4,random_forest
W,N2,slp48,4,random_forest
W,N2,slp48,4,random_forest
W,N2,slp48,4,random_forest
W,N2,slp48,4,random_forest
N1,N2,slp48,4,random_forest
N1,N2,slp48,4,random_forest
W,N2,slp48,4,random_forest
N1,N2,slp48,4,random_forest
N1,N2,slp48,4,random_forest
N1,N2,slp48,4,random_forest
N1,N2,slp48,4,random_forest
N2,N2,slp48,4,random_forest
N2,N2,slp48,4,random_forest
N1,N2,slp48,4,random_forest
N1,N2,slp48,4,random_forest
N1,N2,slp48,4,random_forest
N1,N2,slp48,4,random_forest
N1,N2,slp48,4,random_forest
N1,N2,slp48,4,random_forest
N1,N2,slp48,4,random_forest
N1,N2,slp48,4,random_forest
N1,N2,slp48,4,random_forest
N1,N2,slp48,4,random_forest
N2,N2,slp48,4,random_forest
N1,N2,slp48,4,random_forest
N1,N2,slp48,4,random_forest
N1,N2,slp48,4,random_forest
N1,N2,slp48,4,random_forest
N1,N2,slp48,4,random_forest
N1,N2,slp48,4,random_forest
N1,N2,slp48,4,random_forest
N1,N2,slp48,4,random_forest
N1,N2,slp48,4,random_forest
N2,N2,slp48,4,random_forest
N1,N2,slp48,4,random_forest
N2,N2,slp48,4,random_forest
N2,N2,slp48,4,random_forest
N1,N2,slp48,4,random_forest
N2,N2,slp48,4,random_forest
N2,N2,slp48,4,random_forest
N2,N2,slp48,4,random_forest
N2,N2,slp48,4,random_forest
N2,N2,slp48,4,random_forest
N2,N2,slp48,4,random_forest
N2,N2,slp48,4,random_forest
N2,N2,slp48,4,random_forest
N2,N2,slp48,4,random_forest
N2,N2,slp48,4,random_forest
N2,N2,slp48,4,random_forest
N2,N2,slp48,4,random_forest
N2,N2,slp48,4,random_forest
N1,N2,slp48,4,random_forest
N2,N2,slp48,4,random_forest
N1,N2,slp48,4,random_forest
N2,N2,slp48,4,random_forest
N1,N2,slp48,4,random_forest
N2,N2,slp48,4,random_forest
N1,N2,slp48,4,random_forest
N1,N2,slp48,4,random_forest
N1,N2,slp48,4,random_forest
N2,N2,slp48,4,random_forest
N2,N2,slp48,4,random_forest
N2,N2,slp48,4,random_forest
N2,N2,slp48,4,random_forest
N2,N2,slp48,4,random_forest
N2,N2,slp48,4,random_forest
N1,N2,slp48,4,random_forest
N2,N2,slp48,4,random_forest
N1,N2,slp48,4,random_forest
N2,N2,slp48,4,random_forest
N2,N2,slp48,4,random_forest
N2,N2,slp48,4,random_forest
N2,N2,slp48,4,random_forest
N2,N2,slp48,4,random_forest
N2,N2,slp48,4,random_forest
N2,N2,slp48,4,random_forest
N1,N2,slp48,4,random_forest
N2,N2,slp48,4,random_forest
N2,N2,slp48,4,random_forest
N2,N2,slp48,4,random_forest
N2,N2,slp48,4,random_forest
N2,N2,slp48,4,random_forest
N2,N2,slp48,4,random_forest
N2,N2,slp48,4,random_forest
N2,N2,slp48,4,random_forest
N2,N2,slp48,4,random_forest
N2,N2,slp48,4,random_forest
N1,N2,slp48,4,random_forest
N1,N2,slp48,4,random_forest
N2,N2,slp48,4,random_forest
N2,N2,slp48,4,random_forest
N2,N2,slp48,4,random_forest
N2,N2,slp48,4,random_forest
N2,N2,slp48,4,random_forest
N2,N2,slp48,4,random_forest
N1,N2,slp48,4,random_forest
N1,N2,slp48,4,random_forest
N1,N2,slp48,4,random_forest
N2,N2,slp48,4,random_forest
N2,N2,slp48,4,random_forest
N1,N2,slp48,4,random_forest
N1,N2,slp48,4,random_forest
N1,N2,slp48,4,random_forest
N2,N2,slp48,4,random_forest
N2,N2,slp48,4,random_forest
W,N2,slp48,4,random_forest
N1,N2,slp48,4,random_forest
W,N2,slp48,4,random_forest
W,N2,slp48,4,random_forest
N1,N2,slp48,4,random_forest
W,N2,slp48,4,random_forest
W,N2,slp48,4,random_forest
W,N2,slp48,4,random_forest
W,N2,slp48,4,random_forest
W,N2,slp48,4,random_forest
N1,N2,slp48,4,random_forest
N2,N2,slp48,4,random_forest
N1,N2,slp48,4,random_forest
N1,N2,slp48,4,random_forest
N1,N2,slp48,4,random_forest
N1,N2,slp48,4,random_forest
N2,N2,slp48,4,random_forest
N2,N2,slp48,4,random_forest
N2,N2,slp48,4,random_forest
N2,N2,slp48,4,random_forest
N2,N2,slp48,4,random_forest
N2,N2,slp48,4,random_forest
N2,N2,slp48,4,random_forest
N1,N2,slp48,4,random_forest
N1,N2,slp48,4,random_forest
N1,N2,slp48,4,random_forest
N2,N2,slp48,4,random_forest
N2,N2,slp48,4,random_forest
N1,N2,slp48,4,random_forest
N2,N2,slp48,4,random_forest
N1,N2,slp48,4,random_forest
N1,N2,slp48,4,random_forest
N2,N2,slp48,4,random_forest
N2,N2,slp48,4,random_forest
N1,N2,slp48,4,random_forest
N2,N2,slp48,4,random_forest
N2,N2,slp48,4,random_forest
N1,N2,slp48,4,random_forest
N1,N2,slp48,4,random_forest
N2,N2,slp48,4,random_forest
N2,N2,slp48,4,random_forest
N2,N2,slp48,4,random_forest
N1,N2,slp48,4,random_forest
N2,N2,slp48,4,random_forest
N2,N2,slp48,4,random_forest
N1,N2,slp48,4,random_forest
N2,N2,slp48,4,random_forest
N1,N2,slp48,4,random_forest
N1,N2,slp48,4,random_forest
N2,N2,slp48,4,random_forest
N1,N2,slp48,4,random_forest
N1,N2,slp48,4,random_forest
N2,N2,slp48,4,random_forest
N2,N2,slp48,4,random_forest
N1,N2,slp48,4,random_forest
N2,N2,slp48,4,random_forest
N2,N2,slp48,4,random_forest
N1,N2,slp48,4,random_forest
N2,N2,slp48,4,random_forest
N1,N2,slp48,4,random_forest
N1,N2,slp48,4,random_forest
N2,N2,slp48,4,random_forest
N1,N2,slp48,4,random_forest
N1,N2,slp48,4,random_forest
N2,N2,slp48,4,random_forest
N1,N2,slp48,4,random_forest
N2,N2,slp48,4,random_forest
N1,N2,slp48,4,random_forest
N2,N2,slp48,4,random_forest
N1,N2,slp48,4,random_forest
N1,N2,slp48,4,random_forest
N1,N2,slp48,4,random_forest
N2,N2,slp48,4,random_forest
N1,N2,slp48,4,random_forest
N2,N2,slp48,4,random_forest
N2,N2,slp48,4,random_forest
N2,N2,slp48,4,random_forest
N1,N2,slp48,4,random_forest
N2,N2,slp48,4,random_forest
N1,N2,slp48,4,random_forest
N2,N2,slp48,4,random_forest
N2,N2,slp48,4,random_forest
N1,N2,slp48,4,random_forest
N1,N2,slp48,4,random_forest
N2,N2,slp48,4,random_forest
N2,N2,slp48,4,random_forest
N1,N2,slp48,4,random_forest
N1,N2,slp48,4,random_forest
N2,N2,slp48,4,random_forest
N1,N2,slp48,4,random_forest
N2,N2,slp48,4,random_forest
N1,N2,slp48,4,random_forest
N1,N2,slp48,4,random_forest
N1,N2,slp48,4,random_forest
N2,N2,slp48,4,random_forest
N2,N2,slp48,4,random_forest
N2,N2,slp48,4,random_forest
N2,N2,slp48,4,random_forest
N1,N2,slp48,4,random_forest
N2,N2,slp48,4,random_forest
N2,N2,slp48,4,random_forest
N2,N2,slp48,4,random_forest
N1,N2,slp48,4,random_forest
N1,N2,slp48,4,random_forest
N2,N2,slp48,4,random_forest
N1,N2,slp48,4,random_forest
N1,N2,slp48,4,random_forest
N2,N2,slp48,4,random_forest
N1,N2,slp48,4,random_forest
W,N2,slp48,4,random_forest
W,N2,slp48,4,random_forest
W,N2,slp48,4,random_forest
W,N2,slp48,4,random_forest
W,N2,slp48,4,random_forest
W,N2,slp48,4,random_forest
W,N2,slp48,4,random_forest
W,N2,slp48,4,random_forest
W,N2,slp48,4,random_forest
W,N2,slp48,4,random_forest
W,N2,slp48,4,random_forest
W,N2,slp48,4,random_forest
W,N2,slp48,4,random_forest
W,N2,slp48,4,random_forest
W,N2,slp48,4,random_forest
W,N2,slp48,4,random_forest
W,N2,slp48,4,random_forest
W,N2,slp48,4,random_forest
W,N2,slp48,4,random_forest
W,N2,slp48,4,random_forest
W,N2,slp48,4,random_forest
W,N2,slp48,4,random_forest
W,N2,slp48,4,random_forest
W,N2,slp48,4,random_forest
W,N2,slp48,4,random_forest
W,N2,slp48,4,random_forest
W,N2,slp48,4,random_forest
W,N2,slp48,4,random_forest
W,N2,slp48,4,random_forest
W,N2,slp48,4,random_forest
W,N2,slp48,4,random_forest
W,N2,slp48,4,random_forest
W,N2,slp48,4,random_forest
W,N2,slp48,4,random_forest
W,N2,slp48,4,random_forest
W,N2,slp48,4,random_forest
W,N2,slp48,4,random_forest
W,N2,slp48,4,random_forest
W,N2,slp48,4,random_forest
W,N2,slp48,4,random_forest
W,N2,slp48,4,random_forest
W,N2,slp48,4,random_forest
W,N2,slp48,4,random_forest
W,N2,slp48,4,random_forest
W,N2,slp48,4,random_forest
W,N2,slp48,4,random_forest
W,N2,slp48,4,random_forest
W,N2,slp48,4,random_forest
W,N2,slp48,4,random_forest
W,N2,slp48,4,random_forest
W,N2,slp48,4,random_forest
W,N2,slp48,4,random_forest
W,N2,slp48,4,random_forest
W,N2,slp48,4,random_forest
W,N2,slp48,4,random_forest
W,N2,slp48,4,random_forest
W,N2,slp48,4,random_forest
W,N2,slp48,4,random_forest
W,N2,slp48,4,random_forest
W,N2,slp48,4,random_forest
W,N2,slp48,4,random_forest
W,N2,slp48,4,random_forest
W,N2,slp48,4,random_forest
W,N2,slp48,4,random_forest
W,N2,slp48,4,random_forest
W,N2,slp48,4,random_forest
W,N2,slp48,4,random_forest
W,N2,slp48,4,random_forest
W,N2,slp48,4,random_forest
W,N2,slp48,4,random_forest
W,N2,slp48,4,random_forest
W,N2,slp48,4,random_forest
W,N2,slp48,4,random_forest
W,N2,slp48,4,random_forest
W,N2,slp48,4,random_forest
W,N2,slp48,4,random_forest
W,N2,slp48,4,random_forest
W,N2,slp48,4,random_forest
W,N2,slp48,4,random_forest
W,N2,slp48,4,random_forest
W,N2,slp48,4,random_forest
W,N2,slp48,4,random_forest
W,N2,slp48,4,random_forest
W,N2,slp48,4,random_forest
W,N2,slp48,4,random_forest
W,N2,slp48,4,random_forest
W,N2,slp48,4,random_forest
W,N2,slp48,4,random_forest
W,N2,slp48,4,random_forest
W,N2,slp48,4,random_forest
W,N2,slp48,4,random_forest
W,N2,slp48,4,random_forest
W,N2,slp48,4,random_forest
W,N2,slp48,4,random_forest
W,N2,slp48,4,random_forest
W,N2,slp48,4,random_forest
W,N2,slp48,4,random_forest
W,N2,slp48,4,random_forest
W,N2,slp48,4,random_forest
W,N2,slp48,4,random_forest
W,N2,slp48,4,random_forest
W,N2,slp48,4,random_forest
W,N2,slp48,4,random_forest
W,N2,slp48,4,random_forest
W,N2,slp48,4,random_forest
W,N2,slp48,4,random_forest
W,N2,slp48,4,random_forest
N1,N2,slp48,4,random_forest
W,N2,slp48,4,random_forest
W,N2,slp48,4,random_forest
W,N2,slp48,4,random_forest
W,N2,slp48,4,random_forest
W,N2,slp48,4,random_forest
W,N2,slp48,4,random_forest
W,N2,slp48,4,random_forest
W,N2,slp48,4,random_forest
W,N2,slp48,4,random_forest
W,N2,slp48,4,random_forest
W,N2,slp48,4,random_forest
W,N2,slp48,4,random_forest
W,N2,slp48,4,random_forest
W,N2,slp48,4,random_forest
N1,N2,slp48,4,random_forest
N1,N2,slp48,4,random_forest
N1,N2,slp48,4,random_forest
W,N2,slp48,4,random_forest
N1,N2,slp48,4,random_forest
N1,N2,slp48,4,random_forest
N1,N2,slp48,4,random_forest
N1,N2,slp48,4,random_forest
N1,N2,slp48,4,random_forest
N2,N2,slp48,4,random_forest
N1,N2,slp48,4,random_forest
N2,N2,slp48,4,random_forest
N2,N2,slp48,4,random_forest
N1,N2,slp48,4,random_forest
N1,N2,slp48,4,random_forest
N2,N2,slp48,4,random_forest
N2,N2,slp48,4,random_forest
N1,N2,slp48,4,random_forest
N1,N2,slp48,4,random_forest
N1,N2,slp48,4,random_forest
N2,N2,slp48,4,random_forest
N2,N2,slp48,4,random_forest
N1,N2,slp48,4,random_forest
N1,N2,slp48,4,random_forest
N1,N2,slp48,4,random_forest
N1,N2,slp48,4,random_forest
N1,N2,slp48,4,random_forest
N2,N2,slp48,4,random_forest
N1,N2,slp48,4,random_forest
N2,N2,slp48,4,random_forest
N2,N2,slp48,4,random_forest
N2,N2,slp48,4,random_forest
N2,N2,slp48,4,random_forest
N1,N2,slp48,4,random_forest
N2,N2,slp48,4,random_forest
N2,N2,slp48,4,random_forest
N2,N2,slp48,4,random_forest
N2,N2,slp48,4,random_forest
N2,N2,slp48,4,random_forest
N2,N2,slp48,4,random_forest
W,N2,slp48,4,random_forest
N1,N2,slp48,4,random_forest
N2,N2,slp48,4,random_forest
N2,N2,slp48,4,random_forest
N2,N2,slp48,4,random_forest
N2,N2,slp48,4,random_forest
N2,N2,slp48,4,random_forest
N2,N2,slp48,4,random_forest
N2,N2,slp48,4,random_forest
N2,N2,slp48,4,random_forest
N2,N2,slp48,4,random_forest
N2,N2,slp48,4,random_forest
N2,N2,slp48,4,random_forest
N2,N2,slp48,4,random_forest
N2,N2,slp48,4,random_forest
N2,N2,slp48,4,random_forest
N2,N2,slp48,4,random_forest
N2,N2,slp48,4,random_forest
N2,N2,slp48,4,random_forest
N2,N2,slp48,4,random_forest
N2,N2,slp48,4,random_forest
N2,N2,slp48,4,random_forest
N2,N2,slp48,4,random_forest
N2,N2,slp48,4,random_forest
N2,N2,slp48,4,random_forest
N2,N2,slp48,4,random_forest
N2,N2,slp48,4,random_forest
N2,N2,slp48,4,random_forest
N2,N2,slp48,4,random_forest
N2,N2,slp48,4,random_forest
N2,N2,slp48,4,random_forest
N2,N2,slp48,4,random_forest
N2,N2,slp48,4,random_forest
N2,N2,slp48,4,random_forest
N2,N2,slp48,4,random_forest
N2,N2,slp48,4,random_forest
N2,N2,slp48,4,random_forest
N2,N2,slp48,4,random_forest
N2,N2,slp48,4,random_forest
N3,N2,slp48,4,random_forest
N2,N2,slp48,4,random_forest
N3,N2,slp48,4,random_forest
N2,N2,slp48,4,random_forest
N2,N2,slp48,4,random_forest
N2,N2,slp48,4,random_forest
N2,N2,slp48,4,random_forest
N2,N2,slp48,4,random_forest
REM,N2,slp48,4,random_forest
REM,N2,slp48,4,random_forest
REM,N2,slp48,4,random_forest
N1,N2,slp48,4,random_forest
REM,N2,slp48,4,random_forest
REM,N2,slp48,4,random_forest
REM,N2,slp48,4,random_forest
REM,N2,slp48,4,random_forest
REM,N2,slp48,4,random_forest
REM,N2,slp48,4,random_forest
REM,N2,slp48,4,random_forest
REM,N2,slp48,4,random_forest
REM,N2,slp48,4,random_forest
REM,N2,slp48,4,random_forest
REM,N2,slp48,4,random_forest
REM,N2,slp48,4,random_forest
REM,N2,slp48,4,random_forest
REM,N2,slp48,4,random_forest
REM,N2,slp48,4,random_forest
REM,N2,slp48,4,random_forest
REM,N2,slp48,4,random_forest
REM,N2,slp48,4,random_forest
REM,N2,slp48,4,random_forest
REM,N2,slp48,4,random_forest
REM,N2,slp48,4,random_forest
REM,N2,slp48,4,random_forest
REM,N2,slp48,4,random_forest
REM,N2,slp48,4,random_forest
REM,N2,slp48,4,random_forest
REM,N2,slp48,4,random_forest
REM,N2,slp48,4,random_forest
REM,N2,slp48,4,random_forest
N1,N2,slp48,4,random_forest
N1,N2,slp48,4,random_forest
W,N2,slp48,4,random_forest
N1,N2,slp48,4,random_forest
W,N2,slp48,4,random_forest
W,N2,slp48,4,random_forest
N1,N2,slp48,4,random_forest
N1,N2,slp48,4,random_forest
N1,N2,slp48,4,random_forest
W,N2,slp48,4,random_forest
N1,N2,slp48,4,random_forest
N1,N2,slp48,4,random_forest
N2,N2,slp48,4,random_forest
N2,N2,slp48,4,random_forest
N2,N2,slp48,4,random_forest
N2,N2,slp48,4,random_forest
N2,N2,slp48,4,random_forest
N2,N2,slp48,4,random_forest
N2,N2,slp48,4,random_forest
N2,N2,slp48,4,random_forest
N2,N2,slp48,4,random_forest
N2,N2,slp48,4,random_forest
W,N2,slp48,4,random_forest
W,N2,slp48,4,random_forest
N1,N2,slp48,4,random_forest
N1,N2,slp48,4,random_forest
N1,N2,slp48,4,random_forest
N1,N2,slp48,4,random_forest
N1,N2,slp48,4,random_forest
N1,N2,slp48,4,random_forest
N2,N2,slp48,4,random_forest
N2,N2,slp48,4,random_forest
N2,N2,slp48,4,random_forest
N2,N2,slp48,4,random_forest
N2,N2,slp48,4,random_forest
N2,N2,slp48,4,random_forest
N2,N2,slp48,4,random_forest
N2,N2,slp48,4,random_forest
N2,N2,slp48,4,random_forest
N2,N2,slp48,4,random_forest
N2,N2,slp48,4,random_forest
N2,N2,slp48,4,random_forest
N2,N2,slp48,4,random_forest
N2,N2,slp48,4,random_forest
N2,N2,slp48,4,random_forest
N2,N2,slp48,4,random_forest
N2,N2,slp48,4,random_forest
N2,N2,slp48,4,random_forest
N2,N2,slp48,4,random_forest
N2,N2,slp48,4,random_forest
N2,N2,slp48,4,random_forest
N2,N2,slp48,4,random_forest
N2,N2,slp48,4,random_forest
N2,N2,slp48,4,random_forest
N2,N2,slp48,4,random_forest
N2,N2,slp48,4,random_forest
N2,N2,slp48,4,random_forest
N2,N2,slp48,4,random_forest
N2,N2,slp48,4,random_forest
N2,N2,slp48,4,random_forest
N2,N2,slp48,4,random_forest
N2,N2,slp48,4,random_forest
N2,N2,slp48,4,random_forest
N1,N2,slp48,4,random_forest
N1,N2,slp48,4,random_forest
N1,N2,slp48,4,random_forest
N1,N2,slp48,4,random_forest
N2,N2,slp48,4,random_forest
N1,N2,slp48,4,random_forest
N1,N2,slp48,4,random_forest
N1,N2,slp48,4,random_forest
N2,N2,slp48,4,random_forest
N1,N2,slp48,4,random_forest
N1,N2,slp48,4,random_forest
N2,N2,slp48,4,random_forest
N1,N2,slp48,4,random_forest
N1,N2,slp48,4,random_forest
N1,N2,slp48,4,random_forest
N1,N2,slp48,4,random_forest
N2,N2,slp48,4,random_forest
N2,N2,slp48,4,random_forest
N1,N2,slp48,4,random_forest
N2,N2,slp48,4,random_forest
N1,N2,slp48,4,random_forest
N1,N2,slp48,4,random_forest
N1,N2,slp48,4,random_forest
N1,N2,slp48,4,random_forest
N2,N2,slp48,4,random_forest
N1,N2,slp48,4,random_forest
W,N2,slp48,4,random_forest
W,N2,slp48,4,random_forest
N1,N2,slp48,4,random_forest
N1,N2,slp48,4,random_forest
W,N2,slp48,4,random_forest
N1,N2,slp48,4,random_forest
N1,N2,slp48,4,random_forest
W,N2,slp48,4,random_forest
W,N2,slp48,4,random_forest
N1,N2,slp48,4,random_forest
W,N2,slp48,4,random_forest
N1,N2,slp48,4,random_forest
N1,N2,slp48,4,random_forest
N1,N2,slp48,4,random_forest
N1,N2,slp48,4,random_forest
N2,N2,slp48,4,random_forest
N1,N2,slp48,4,random_forest
N1,N2,slp48,4,random_forest
N1,N2,slp48,4,random_forest
N1,N2,slp48,4,random_forest
N2,N2,slp48,4,random_forest
N1,N2,slp48,4,random_forest
N1,N2,slp48,4,random_forest
N2,N2,slp48,4,random_forest
N1,N2,slp48,4,random_forest
W,N2,slp48,4,random_forest
N1,N2,slp48,4,random_forest
N2,N2,slp48,4,random_forest
N1,N2,slp48,4,random_forest
W,N2,slp48,4,random_forest
N1,N2,slp48,4,random_forest
W,N2,slp48,4,random_forest
N2,N2,slp48,4,random_forest
N1,N2,slp48,4,random_forest
W,N2,slp48,4,random_forest
W,N2,slp48,4,random_forest
W,N2,slp48,4,random_forest
W,N2,slp48,4,random_forest
W,N2,slp48,4,random_forest
W,N2,slp48,4,random_forest
W,N2,slp48,4,random_forest
W,N2,slp48,4,random_forest
W,N2,slp48,4,random_forest
W,N2,slp48,4,random_forest
W,N2,slp48,4,random_forest
W,N2,slp48,4,random_forest
W,N2,slp48,4,random_forest
W,N2,slp48,4,random_forest
W,N2,slp48,4,random_forest
W,N2,slp48,4,random_forest
W,N2,slp48,4,random_forest
W,N2,slp48,4,random_forest
W,N2,slp48,4,random_forest
W,N2,slp48,4,random_forest
W,N2,slp48,4,random_forest
W,N2,slp48,4,random_forest
W,N2,slp48,4,random_forest
W,N2,slp48,4,random_forest
W,N2,slp48,4,random_forest
W,N2,slp48,4,random_forest
W,N2,slp48,4,random_forest
W,N2,slp48,4,random_forest
W,N2,slp48,4,random_forest
W,N2,slp48,4,random_forest
W,N2,slp48,4,random_forest
W,N2,slp48,4,random_forest
W,N2,slp48,4,random_forest
W,N2,slp48,4,random_forest
W,N2,slp48,4,random_forest
W,N2,slp48,4,random_forest
W,N2,slp48,4,random_forest
W,N2,slp48,4,random_forest
W,N2,slp48,4,random_forest
W,N2,slp48,4,random_forest
W,N2,slp48,4,random_forest
W,N2,slp48,4,random_forest
W,N2,slp48,4,random_forest
W,N2,slp48,4,random_forest
W,N2,slp48,4,random_forest
W,N2,slp48,4,random_forest
N1,N2,slp48,4,random_forest
N1,N2,slp48,4,random_forest
W,N2,slp48,4,random_forest
W,N2,slp48,4,random_forest
N1,N2,slp48,4,random_forest
W,N2,slp48,4,random_forest
W,N2,slp48,4,random_forest
W,N2,slp48,4,random_forest
W,N2,slp48,4,random_forest
N1,N2,slp48,4,random_forest
W,N2,slp48,4,random_forest
W,N2,slp48,4,random_forest
N1,N2,slp48,4,random_forest
N1,N2,slp48,4,random_forest
W,N2,slp48,4,random_forest
N1,N2,slp48,4,random_forest
N2,N2,slp48,4,random_forest
N2,N2,slp48,4,random_forest
N1,N2,slp48,4,random_forest
N2,N2,slp48,4,random_forest
N1,N2,slp48,4,random_forest
W,N2,slp48,4,random_forest
N1,N2,slp48,4,random_forest
N1,N2,slp48,4,random_forest
N1,N2,slp48,4,random_forest
N2,N2,slp48,4,random_forest
N1,N2,slp48,4,random_forest
N1,N2,slp48,4,random_forest
N1,N2,slp48,4,random_forest
N2,N2,slp48,4,random_forest
N2,N2,slp48,4,random_forest
N1,N2,slp48,4,random_forest
N2,N2,slp48,4,random_forest
W,N2,slp48,4,random_forest
N1,N2,slp48,4,random_forest
N2,N2,slp48,4,random_forest
N1,N2,slp48,4,random_forest
N2,N2,slp48,4,random_forest
N1,N2,slp48,4,random_forest
N2,N2,slp48,4,random_forest
N2,N2,slp48,4,random_forest
N2,N2,slp48,4,random_forest
N1,N2,slp48,4,random_forest
N2,N2,slp48,4,random_forest
N2,N2,slp48,4,random_forest
N1,N2,slp48,4,random_forest
N2,N2,slp48,4,random_forest
N1,N2,slp48,4,random_forest
N1,N2,slp48,4,random_forest
N2,N2,slp48,4,random_forest
N1,N2,slp48,4,random_forest
N1,N2,slp48,4,random_forest
N1,N2,slp48,4,random_forest
N1,N2,slp48,4,random_forest
N1,N2,slp48,4,random_forest
N1,N2,slp48,4,random_forest
N2,N2,slp48,4,random_forest
N1,N2,slp48,4,random_forest
N1,N2,slp48,4,random_forest
N2,N2,slp48,4,random_forest
N1,N2,slp48,4,random_forest
N1,N2,slp48,4,random_forest
N1,N2,slp48,4,random_forest
N2,N2,slp48,4,random_forest
N1,N2,slp48,4,random_forest
N1,N2,slp48,4,random_forest
N2,N2,slp48,4,random_forest
N2,N2,slp48,4,random_forest
N2,N2,slp48,4,random_forest
N1,N2,slp48,4,random_forest
N1,N2,slp48,4,random_forest
N2,N2,slp48,4,random_forest
N1,N2,slp48,4,random_forest
N2,N2,slp48,4,random_forest
N2,N2,slp48,4,random_forest
N2,N2,slp48,4,random_forest
N2,N2,slp48,4,random_forest
N1,N2,slp48,4,random_forest
N2,N2,slp48,4,random_forest
N2,N2,slp48,4,random_forest
N2,N2,slp48,4,random_forest
N1,N2,slp48,4,random_forest
N2,N2,slp48,4,random_forest
N1,N2,slp48,4,random_forest
N1,N2,slp48,4,random_forest
N2,N2,slp48,4,random_forest
N1,N2,slp48,4,random_forest
N1,N2,slp48,4,random_forest
N1,N2,slp48,4,random_forest
N1,N2,slp48,4,random_forest
N2,N2,slp48,4,random_forest
N1,N2,slp48,4,random_forest
N1,N2,slp48,4,random_forest
N1,N2,slp48,4,random_forest
N1,N2,slp48,4,random_forest
N1,N2,slp48,4,random_forest
N2,N2,slp48,4,random_forest
N2,N2,slp48,4,random_forest
N1,N2,slp48,4,random_forest
N2,N2,slp48,4,random_forest
N2,N2,slp48,4,random_forest
N1,N2,slp48,4,random_forest
N2,N2,slp48,4,random_forest
N2,N2,slp48,4,random_forest
N1,N2,slp48,4,random_forest
N2,N2,slp48,4,random_forest
N1,N2,slp48,4,random_forest
N1,N2,slp48,4,random_forest
N1,N2,slp48,4,random_forest
N1,N2,slp48,4,random_forest
N2,N2,slp48,4,random_forest
N1,N2,slp48,4,random_forest
N1,N2,slp48,4,random_forest
N2,N2,slp48,4,random_forest
N2,N2,slp48,4,random_forest
N1,N2,slp48,4,random_forest
N1,N2,slp48,4,random_forest
N2,N2,slp48,4,random_forest
N2,N2,slp48,4,random_forest
N1,N2,slp48,4,random_forest
N1,N2,slp48,4,random_forest
N1,N2,slp48,4,random_forest
N1,N2,slp48,4,random_forest
N2,N2,slp48,4,random_forest
N1,N2,slp48,4,random_forest
N1,N2,slp48,4,random_forest
N2,N2,slp48,4,random_forest
N2,N2,slp48,4,random_forest
N1,N2,slp48,4,random_forest
N2,N2,slp48,4,random_forest
W,N2,slp60,4,random_forest
W,N2,slp60,4,random_forest
W,N2,slp60,4,random_forest
W,N2,slp60,4,random_forest
N1,N2,slp60,4,random_forest
W,N2,slp60,4,random_forest
W,N2,slp60,4,random_forest
N1,N2,slp60,4,random_forest
N1,N2,slp60,4,random_forest
N1,N2,slp60,4,random_forest
N1,N2,slp60,4,random_forest
N1,N2,slp60,4,random_forest
N1,N2,slp60,4,random_forest
N1,N2,slp60,4,random_forest
N1,N2,slp60,4,random_forest
N1,N2,slp60,4,random_forest
N1,N2,slp60,4,random_forest
N1,N2,slp60,4,random_forest
N1,N2,slp60,4,random_forest
W,N2,slp60,4,random_forest
N1,N2,slp60,4,random_forest
N1,N2,slp60,4,random_forest
W,N2,slp60,4,random_forest
W,N2,slp60,4,random_forest
N1,N2,slp60,4,random_forest
N1,N2,slp60,4,random_forest
N1,N2,slp60,4,random_forest
N1,N2,slp60,4,random_forest
N1,N2,slp60,4,random_forest
N1,N2,slp60,4,random_forest
N1,N2,slp60,4,random_forest
N2,N2,slp60,4,random_forest
N1,N2,slp60,4,random_forest
N1,N2,slp60,4,random_forest
N1,N2,slp60,4,random_forest
N1,N2,slp60,4,random_forest
N1,N2,slp60,4,random_forest
N1,N2,slp60,4,random_forest
N1,N2,slp60,4,random_forest
N1,N2,slp60,4,random_forest
N1,N2,slp60,4,random_forest
N1,N2,slp60,4,random_forest
N1,N2,slp60,4,random_forest
N1,N2,slp60,4,random_forest
N1,N2,slp60,4,random_forest
N1,N2,slp60,4,random_forest
N1,N2,slp60,4,random_forest
N1,N2,slp60,4,random_forest
N1,N2,slp60,4,random_forest
N1,N2,slp60,4,random_forest
N1,N2,slp60,4,random_forest
N1,N2,slp60,4,random_forest
N1,N2,slp60,4,random_forest
N1,N2,slp60,4,random_forest
N1,N2,slp60,4,random_forest
N1,N2,slp60,4,random_forest
N1,N2,slp60,4,random_forest
N1,N2,slp60,4,random_forest
N1,N2,slp60,4,random_forest
N1,N2,slp60,4,random_forest
N1,N2,slp60,4,random_forest
N1,N2,slp60,4,random_forest
N1,N2,slp60,4,random_forest
N1,N2,slp60,4,random_forest
N1,N2,slp60,4,random_forest
N1,N2,slp60,4,random_forest
N1,N2,slp60,4,random_forest
N1,N2,slp60,4,random_forest
N1,N2,slp60,4,random_forest
N1,N2,slp60,4,random_forest
N1,N2,slp60,4,random_forest
N1,N2,slp60,4,random_forest
N1,N2,slp60,4,random_forest
W,N2,slp60,4,random_forest
W,N2,slp60,4,random_forest
W,N2,slp60,4,random_forest
N1,N2,slp60,4,random_forest
N1,N2,slp60,4,random_forest
N1,N2,slp60,4,random_forest
N2,N2,slp60,4,random_forest
N2,N2,slp60,4,random_forest
N2,N2,slp60,4,random_forest
N2,N2,slp60,4,random_forest
N2,N2,slp60,4,random_forest
N2,N2,slp60,4,random_forest
N2,N2,slp60,4,random_forest
N1,N2,slp60,4,random_forest
N1,N2,slp60,4,random_forest
N1,N2,slp60,4,random_forest
N2,N2,slp60,4,random_forest
W,N2,slp60,4,random_forest
N1,N2,slp60,4,random_forest
N1,N2,slp60,4,random_forest
W,N2,slp60,4,random_forest
W,N2,slp60,4,random_forest
N2,N2,slp60,4,random_forest
N1,N2,slp60,4,random_forest
N1,N2,slp60,4,random_forest
N2,N2,slp60,4,random_forest
N2,N2,slp60,4,random_forest
N2,N2,slp60,4,random_forest
N1,N2,slp60,4,random_forest
N2,N2,slp60,4,random_forest
N1,N2,slp60,4,random_forest
N2,N2,slp60,4,random_forest
W,N2,slp60,4,random_forest
N1,N2,slp60,4,random_forest
W,N2,slp60,4,random_forest
N1,N2,slp60,4,random_forest
N1,N2,slp60,4,random_forest
N1,N2,slp60,4,random_forest
N2,N2,slp60,4,random_forest
N2,N2,slp60,4,random_forest
W,N2,slp60,4,random_forest
W,N2,slp60,4,random_forest
W,N2,slp60,4,random_forest
W,N2,slp60,4,random_forest
W,N2,slp60,4,random_forest
W,N2,slp60,4,random_forest
W,N2,slp60,4,random_forest
W,N2,slp60,4,random_forest
W,N2,slp60,4,random_forest
W,N2,slp60,4,random_forest
W,N2,slp60,4,random_forest
W,N2,slp60,4,random_forest
W,N2,slp60,4,random_forest
W,N2,slp60,4,random_forest
W,N2,slp60,4,random_forest
W,N2,slp60,4,random_forest
W,N2,slp60,4,random_forest
W,N2,slp60,4,random_forest
W,N2,slp60,4,random_forest
W,N2,slp60,4,random_forest
W,N2,slp60,4,random_forest
W,N2,slp60,4,random_forest
W,N2,slp60,4,random_forest
W,N2,slp60,4,random_forest
W,N2,slp60,4,random_forest
W,N2,slp60,4,random_forest
W,N2,slp60,4,random_forest
W,N2,slp60,4,random_forest
W,N2,slp60,4,random_forest
W,N2,slp60,4,random_forest
W,N2,slp60,4,random_forest
W,N2,slp60,4,random_forest
W,N2,slp60,4,random_forest
W,N2,slp60,4,random_forest
W,N2,slp60,4,random_forest
W,N2,slp60,4,random_forest
W,N2,slp60,4,random_forest
W,N2,slp60,4,random_forest
W,N2,slp60,4,random_forest
W,N2,slp60,4,random_forest
W,N2,slp60,4,random_forest
W,N2,slp60,4,random_forest
W,N2,slp60,4,random_forest
W,N2,slp60,4,random_forest
W,N2,slp60,4,random_forest
W,N2,slp60,4,random_forest
W,N2,slp60,4,random_forest
N1,N2,slp60,4,random_forest
W,N2,slp60,4,random_forest
W,N2,slp60,4,random_forest
W,N2,slp60,4,random_forest
N1,N2,slp60,4,random_forest
N1,N2,slp60,4,random_forest
W,N2,slp60,4,random_forest
W,N2,slp60,4,random_forest
W,N2,slp60,4,random_forest
W,N2,slp60,4,random_forest
W,N2,slp60,4,random_forest
W,N2,slp60,4,random_forest
N1,N2,slp60,4,random_forest
N1,N2,slp60,4,random_forest
W,N2,slp60,4,random_forest
W,N2,slp60,4,random_forest
W,N2,slp60,4,random_forest
W,N2,slp60,4,random_forest
W,N2,slp60,4,random_forest
N1,N2,slp60,4,random_forest
N1,N2,slp60,4,random_forest
W,N2,slp60,4,random_forest
N1,N2,slp60,4,random_forest
W,N2,slp60,4,random_forest
N1,N2,slp60,4,random_forest
N1,N2,slp60,4,random_forest
N1,N2,slp60,4,random_forest
N1,N2,slp60,4,random_forest
W,N2,slp60,4,random_forest
W,N2,slp60,4,random_forest
W,N2,slp60,4,random_forest
W,N2,slp60,4,random_forest
W,N2,slp60,4,random_forest
W,N2,slp60,4,random_forest
W,N2,slp60,4,random_forest
W,N2,slp60,4,random_forest
W,N2,slp60,4,random_forest
W,N2,slp60,4,random_forest
W,N2,slp60,4,random_forest
W,N2,slp60,4,random_forest
N1,N2,slp60,4,random_forest
N1,N2,slp60,4,random_forest
W,N2,slp60,4,random_forest
N1,N2,slp60,4,random_forest
N1,N2,slp60,4,random_forest
N1,N2,slp60,4,random_forest
N2,N2,slp60,4,random_forest
N1,N2,slp60,4,random_forest
N1,N2,slp60,4,random_forest
N1,N2,slp60,4,random_forest
N2,N2,slp60,4,random_forest
N2,N2,slp60,4,random_forest
N2,N2,slp60,4,random_forest
N2,N2,slp60,4,random_forest
N2,N2,slp60,4,random_forest
N2,N2,slp60,4,random_forest
N2,N2,slp60,4,random_forest
N2,N2,slp60,4,random_forest
N2,N2,slp60,4,random_forest
N2,N2,slp60,4,random_forest
N2,N2,slp60,4,random_forest
N2,N2,slp60,4,random_forest
N2,N2,slp60,4,random_forest
REM,N2,slp60,4,random_forest
REM,N2,slp60,4,random_forest
REM,N2,slp60,4,random_forest
REM,N2,slp60,4,random_forest
REM,N2,slp60,4,random_forest
REM,N2,slp60,4,random_forest
REM,N2,slp60,4,random_forest
REM,N2,slp60,4,random_forest
REM,N2,slp60,4,random_forest
REM,N2,slp60,4,random_forest
REM,N2,slp60,4,random_forest
REM,N2,slp60,4,random_forest
REM,N2,slp60,4,random_forest
REM,N2,slp60,4,random_forest
REM,N2,slp60,4,random_forest
REM,N2,slp60,4,random_forest
REM,N2,slp60,4,random_forest
REM,N2,slp60,4,random_forest
REM,N2,slp60,4,random_forest
REM,N2,slp60,4,random_forest
REM,N2,slp60,4,random_forest
REM,N2,slp60,4,random_forest
REM,N2,slp60,4,random_forest
REM,N2,slp60,4,random_forest
REM,N2,slp60,4,random_forest
REM,N2,slp60,4,random_forest
REM,N2,slp60,4,random_forest
REM,N2,slp60,4,random_forest
W,N2,slp60,4,random_forest
W,N2,slp60,4,random_forest
W,N2,slp60,4,random_forest
W,N2,slp60,4,random_forest
W,N2,slp60,4,random_forest
W,N2,slp60,4,random_forest
W,N2,slp60,4,random_forest
W,N2,slp60,4,random_forest
W,N2,slp60,4,random_forest
W,N2,slp60,4,random_forest
W,N2,slp60,4,random_forest
W,N2,slp60,4,random_forest
W,N2,slp60,4,random_forest
W,N2,slp60,4,random_forest
W,N2,slp60,4,random_forest
W,N2,slp60,4,random_forest
W,N2,slp60,4,random_forest
W,N2,slp60,4,random_forest
W,N2,slp60,4,random_forest
W,N2,slp60,4,random_forest
W,N2,slp60,4,random_forest
W,N2,slp60,4,random_forest
W,N2,slp60,4,random_forest
W,N2,slp60,4,random_forest
W,N2,slp60,4,random_forest
W,N2,slp60,4,random_forest
W,N2,slp60,4,random_forest
W,N2,slp60,4,random_forest
W,N2,slp60,4,random_forest
W,N2,slp60,4,random_forest
W,N2,slp60,4,random_forest
W,N2,slp60,4,random_forest
W,N2,slp60,4,random_forest
W,N2,slp60,4,random_forest
W,N2,slp60,4,random_forest
W,N2,slp60,4,random_forest
W,N2,slp60,4,random_forest
W,N2,slp60,4,random_forest
W,N2,slp60,4,random_forest
W,N2,slp60,4,random_forest
W,N2,slp60,4,random_forest
W,N2,slp60,4,random_forest
W,N2,slp60,4,random_forest
W,N2,slp60,4,random_forest
W,N2,slp60,4,random_forest
W,N2,slp60,4,random_forest
W,N2,slp60,4,random_forest
W,N2,slp60,4,random_forest
W,N2,slp60,4,random_forest
W,N2,slp60,4,random_forest
W,N2,slp60,4,random_forest
W,N2,slp60,4,random_forest
W,N2,slp60,4,random_forest
W,N2,slp60,4,random_forest
W,N2,slp60,4,random_forest
W,N2,slp60,4,random_forest
W,N2,slp60,4,random_forest
W,N2,slp60,4,random_forest
W,N2,slp60,4,random_forest
W,N2,slp60,4,random_forest
W,N2,slp60,4,random_forest
W,N2,slp60,4,random_forest
W,N2,slp60,4,random_forest
W,N2,slp60,4,random_forest
W,N2,slp60,4,random_forest
W,N2,slp60,4,random_forest
W,N2,slp60,4,random_forest
W,N2,slp60,4,random_forest
W,N2,slp60,4,random_forest
W,N2,slp60,4,random_forest
W,N2,slp60,4,random_forest
W,N2,slp60,4,random_forest
W,N2,slp60,4,random_forest
W,N2,slp60,4,random_forest
W,N2,slp60,4,random_forest
W,N2,slp60,4,random_forest
W,N2,slp60,4,random_forest
N1,N2,slp60,4,random_forest
N1,N2,slp60,4,random_forest
N1,N2,slp60,4,random_forest
N1,N2,slp60,4,random_forest
N1,N2,slp60,4,random_forest
N1,N2,slp60,4,random_forest
N1,N2,slp60,4,random_forest
N1,N2,slp60,4,random_forest
W,N2,slp60,4,random_forest
W,N2,slp60,4,random_forest
N1,N2,slp60,4,random_forest
N1,N2,slp60,4,random_forest
N1,N2,slp60,4,random_forest
N1,N2,slp60,4,random_forest
W,N2,slp60,4,random_forest
W,N2,slp60,4,random_forest
W,N2,slp60,4,random_forest
W,N2,slp60,4,random_forest
W,N2,slp60,4,random_forest
W,N2,slp60,4,random_forest
W,N2,slp60,4,random_forest
W,N2,slp60,4,random_forest
W,N2,slp60,4,random_forest
W,N2,slp60,4,random_forest
W,N2,slp60,4,random_forest
W,N2,slp60,4,random_forest
W,N2,slp60,4,random_forest
W,N2,slp60,4,random_forest
W,N2,slp60,4,random_forest
N1,N2,slp60,4,random_forest
N1,N2,slp60,4,random_forest
W,N2,slp60,4,random_forest
N1,N2,slp60,4,random_forest
N1,N2,slp60,4,random_forest
W,N2,slp60,4,random_forest
N1,N2,slp60,4,random_forest
W,N2,slp60,4,random_forest
W,N2,slp60,4,random_forest
W,N2,slp60,4,random_forest
W,N2,slp60,4,random_forest
W,N2,slp60,4,random_forest
W,N2,slp60,4,random_forest
W,N2,slp60,4,random_forest
W,N2,slp60,4,random_forest
W,N2,slp60,4,random_forest
W,N2,slp60,4,random_forest
N1,N2,slp60,4,random_forest
N1,N2,slp60,4,random_forest
N1,N2,slp60,4,random_forest
W,N2,slp60,4,random_forest
W,N2,slp60,4,random_forest
W,N2,slp60,4,random_forest
W,N2,slp60,4,random_forest
W,N2,slp60,4,random_forest
W,N2,slp60,4,random_forest
W,N2,slp60,4,random_forest
N1,N2,slp60,4,random_forest
N1,N2,slp60,4,random_forest
W,N2,slp60,4,random_forest
N1,N2,slp60,4,random_forest
N1,N2,slp60,4,random_forest
N1,N2,slp60,4,random_forest
N1,N2,slp60,4,random_forest
N1,N2,slp60,4,random_forest
N1,N2,slp60,4,random_forest
N1,N2,slp60,4,random_forest
N1,N2,slp60,4,random_forest
N1,N2,slp60,4,random_forest
N1,N2,slp60,4,random_forest
N1,N2,slp60,4,random_forest
N2,N2,slp60,4,random_forest
W,N2,slp60,4,random_forest
W,N2,slp60,4,random_forest
W,N2,slp60,4,random_forest
W,N2,slp60,4,random_forest
W,N2,slp60,4,random_forest
N1,N2,slp60,4,random_forest
W,N2,slp60,4,random_forest
N1,N2,slp60,4,random_forest
N1,N2,slp60,4,random_forest
N1,N2,slp60,4,random_forest
N1,N2,slp60,4,random_forest
N1,N2,slp60,4,random_forest
N1,N2,slp60,4,random_forest
N1,N2,slp60,4,random_forest
N1,N2,slp60,4,random_forest
N1,N2,slp60,4,random_forest
N1,N2,slp60,4,random_forest
N1,N2,slp60,4,random_forest
N1,N2,slp60,4,random_forest
N1,N2,slp60,4,random_forest
N1,N2,slp60,4,random_forest
N1,N2,slp60,4,random_forest
N1,N2,slp60,4,random_forest
N1,N2,slp60,4,random_forest
N1,N2,slp60,4,random_forest
N1,N2,slp60,4,random_forest
N1,N2,slp60,4,random_forest
N1,N2,slp60,4,random_forest
N1,N2,slp60,4,random_forest
N1,N2,slp60,4,random_forest
N1,N2,slp60,4,random_forest
N1,N2,slp60,4,random_forest
N1,N2,slp60,4,random_forest
N1,N2,slp60,4,random_forest
N1,N2,slp60,4,random_forest
N1,N2,slp60,4,random_forest
N1,N2,slp60,4,random_forest
W,N2,slp60,4,random_forest
W,N2,slp60,4,random_forest
N1,N2,slp60,4,random_forest
W,N2,slp60,4,random_forest
N1,N2,slp60,4,random_forest
N1,N2,slp60,4,random_forest
W,N2,slp60,4,random_forest
N1,N2,slp60,4,random_forest
N1,N2,slp60,4,random_forest
N1,N2,slp60,4,random_forest
N1,N2,slp60,4,random_forest
N1,N2,slp60,4,random_forest
N1,N2,slp60,4,random_forest
W,N2,slp60,4,random_forest
W,N2,slp60,4,random_forest
W,N2,slp60,4,random_forest
W,N2,slp60,4,random_forest
W,N2,slp60,4,random_forest
W,N2,slp60,4,random_forest
W,N2,slp60,4,random_forest
W,N2,slp60,4,random_forest
W,N2,slp60,4,random_forest
W,N2,slp60,4,random_forest
W,N2,slp60,4,random_forest
W,N2,slp60,4,random_forest
W,N2,slp60,4,random_forest
W,N2,slp60,4,random_forest
W,N2,slp60,4,random_forest
W,N2,slp60,4,random_forest
W,N2,slp60,4,random_forest
W,N2,slp60,4,random_forest
W,N2,slp60,4,random_forest
W,N2,slp60,4,random_forest
W,N2,slp60,4,random_forest
W,N2,slp60,4,random_forest
W,N2,slp60,4,random_forest
W,N2,slp60,4,random_forest
W,N2,slp60,4,random_forest
W,N2,slp60,4,random_forest
W,N2,slp60,4,random_forest
W,N2,slp60,4,random_forest
W,N2,slp60,4,random_forest
W,N2,slp60,4,random_forest
W,N2,slp60,4,random_forest
W,N2,slp60,4,random_forest
W,N2,slp60,4,random_forest
W,N2,slp60,4,random_forest
W,N2,slp60,4,random_forest
W,N2,slp60,4,random_forest
W,N2,slp60,4,random_forest
W,N2,slp60,4,random_forest
W,N2,slp60,4,random_forest
W,N2,slp60,4,random_forest
W,N2,slp60,4,random_forest
W,N2,slp60,4,random_forest
W,N2,slp60,4,random_forest
W,N2,slp60,4,random_forest
W,N2,slp60,4,random_forest
W,N2,slp60,4,random_forest
W,N2,slp60,4,random_forest
W,N2,slp60,4,random_forest
W,N2,slp60,4,random_forest
W,N2,slp60,4,random_forest
W,N2,slp60,4,random_forest
W,N2,slp60,4,random_forest
W,N2,slp60,4,random_forest
W,N2,slp60,4,random_forest
W,N2,slp60,4,random_forest
W,N2,slp60,4,random_forest
W,N2,slp60,4,random_forest
N1,N2,slp60,4,random_forest
N1,N2,slp60,4,random_forest
W,N2,slp60,4,random_forest
W,N2,slp60,4,random_forest
W,N2,slp60,4,random_forest
W,N2,slp60,4,random_forest
W,N2,slp60,4,random_forest
W,N2,slp60,4,random_forest
N1,N2,slp60,4,random_forest
N1,N2,slp60,4,random_forest
N1,N2,slp60,4,random_forest
N1,N2,slp60,4,random_forest
N1,N2,slp60,4,random_forest
N1,N2,slp60,4,random_forest
N1,N2,slp60,4,random_forest
N1,N2,slp60,4,random_forest
N1,N2,slp60,4,random_forest
N1,N2,slp60,4,random_forest
N1,N2,slp60,4,random_forest
N1,N2,slp60,4,random_forest
N1,N2,slp60,4,random_forest
N1,N2,slp60,4,random_forest
N1,N2,slp60,4,random_forest
N1,N2,slp60,4,random_forest
N1,N2,slp60,4,random_forest
N1,N2,slp60,4,random_forest
N1,N2,slp60,4,random_forest
W,N2,slp60,4,random_forest
W,N2,slp60,4,random_forest
W,N2,slp60,4,random_forest
W,N2,slp60,4,random_forest
N1,N2,slp60,4,random_forest
W,N2,slp60,4,random_forest
N1,N2,slp60,4,random_forest
N1,N2,slp60,4,random_forest
N1,N2,slp60,4,random_forest
N1,N2,slp60,4,random_forest
N1,N2,slp60,4,random_forest
N1,N2,slp60,4,random_forest
N1,N2,slp60,4,random_forest
N1,N2,slp60,4,random_forest
N1,N2,slp60,4,random_forest
N1,N2,slp60,4,random_forest
N1,N2,slp60,4,random_forest
N1,N2,slp60,4,random_forest
N1,N2,slp60,4,random_forest
N1,N2,slp60,4,random_forest
N1,N2,slp60,4,random_forest
N1,N2,slp60,4,random_forest
N1,N2,slp60,4,random_forest
N1,N2,slp60,4,random_forest
N1,N2,slp60,4,random_forest
N1,N2,slp60,4,random_forest
N1,N2,slp60,4,random_forest
N1,N2,slp60,4,random_forest
N1,N2,slp60,4,random_forest
N1,N2,slp60,4,random_forest
N1,N2,slp60,4,random_forest
N1,N2,slp60,4,random_forest
N1,N2,slp60,4,random_forest
N1,N2,slp60,4,random_forest
N1,N2,slp60,4,random_forest
N1,N2,slp60,4,random_forest
N1,N2,slp60,4,random_forest
N2,N2,slp60,4,random_forest
N1,N2,slp60,4,random_forest
N2,N2,slp60,4,random_forest
N1,N2,slp60,4,random_forest
N1,N2,slp60,4,random_forest
N1,N2,slp60,4,random_forest
N1,N2,slp60,4,random_forest
N2,N2,slp60,4,random_forest
N1,N2,slp60,4,random_forest
N1,N2,slp60,4,random_forest
N2,N2,slp60,4,random_forest
N1,N2,slp60,4,random_forest
N2,N2,slp60,4,random_forest
N1,N2,slp60,4,random_forest
N1,N2,slp60,4,random_forest
N1,N2,slp60,4,random_forest
N1,N2,slp60,4,random_forest
N2,N2,slp60,4,random_forest
N1,N2,slp60,4,random_forest
N1,N2,slp60,4,random_forest
N1,N2,slp60,4,random_forest
N2,N2,slp60,4,random_forest
N1,N2,slp60,4,random_forest
N1,N2,slp60,4,random_forest
N1,N2,slp60,4,random_forest
N1,N2,slp60,4,random_forest
N1,N2,slp60,4,random_forest
N1,N2,slp60,4,random_forest
N1,N2,slp60,4,random_forest
N1,N2,slp60,4,random_forest
N2,N2,slp60,4,random_forest
N1,N2,slp60,4,random_forest
N1,N2,slp60,4,random_forest
N1,N2,slp60,4,random_forest
N1,N2,slp60,4,random_forest
N1,N2,slp60,4,random_forest
N1,N2,slp60,4,random_forest
N1,N2,slp60,4,random_forest
N1,N2,slp60,4,random_forest
N1,N2,slp60,4,random_forest
N1,N2,slp60,4,random_forest
N1,N2,slp60,4,random_forest
N1,N2,slp60,4,random_forest
N1,N2,slp60,4,random_forest
N1,N2,slp60,4,random_forest
N1,N2,slp60,4,random_forest
N1,N2,slp60,4,random_forest
N1,N2,slp60,4,random_forest
N1,N2,slp60,4,random_forest
N1,N2,slp60,4,random_forest
N1,N2,slp60,4,random_forest
N1,N2,slp60,4,random_forest
N1,N2,slp60,4,random_forest
N1,N2,slp60,4,random_forest
N1,N2,slp60,4,random_forest
N1,N2,slp60,4,random_forest
REM,N2,slp60,4,random_forest
N1,N2,slp60,4,random_forest
N1,N2,slp60,4,random_forest
N1,N2,slp60,4,random_forest
N1,N2,slp60,4,random_forest
N1,N2,slp60,4,random_forest
N1,N2,slp60,4,random_forest
N1,N2,slp60,4,random_forest
N1,N2,slp60,4,random_forest
N1,N2,slp60,4,random_forest
N1,N2,slp60,4,random_forest
N1,N2,slp60,4,random_forest
N1,N2,slp60,4,random_forest
N1,N2,slp60,4,random_forest
N1,N2,slp60,4,random_forest
N1,N2,slp60,4,random_forest
N1,N2,slp60,4,random_forest
N1,N2,slp60,4,random_forest
N1,N2,slp60,4,random_forest
N1,N2,slp60,4,random_forest
N1,N2,slp60,4,random_forest
N1,N2,slp60,4,random_forest
N1,N2,slp60,4,random_forest
N1,N2,slp60,4,random_forest
N1,N2,slp60,4,random_forest
N1,N2,slp60,4,random_forest
N1,N2,slp60,4,random_forest
N1,N2,slp60,4,random_forest
N1,N2,slp60,4,random_forest
N1,N2,slp60,4,random_forest
N1,N2,slp60,4,random_forest
N1,N2,slp60,4,random_forest
N1,N2,slp60,4,random_forest
REM,N2,slp60,4,random_forest
REM,N2,slp60,4,random_forest
N1,N2,slp60,4,random_forest
N1,N2,slp60,4,random_forest
N1,N2,slp60,4,random_forest
N1,N2,slp60,4,random_forest
N1,N2,slp60,4,random_forest
N1,N2,slp60,4,random_forest
N1,N2,slp60,4,random_forest
N2,N2,slp60,4,random_forest
N2,N2,slp60,4,random_forest
N1,N2,slp60,4,random_forest
N2,N2,slp60,4,random_forest
N2,N2,slp60,4,random_forest
N2,N2,slp60,4,random_forest
N2,N2,slp60,4,random_forest
N1,N2,slp60,4,random_forest
N2,N2,slp60,4,random_forest
N1,N2,slp60,4,random_forest
N2,N2,slp60,4,random_forest
N1,N2,slp60,4,random_forest
N1,N2,slp60,4,random_forest
N1,N2,slp60,4,random_forest
N1,N2,slp60,4,random_forest
N1,N2,slp60,4,random_forest
N1,N2,slp60,4,random_forest
N1,N2,slp60,4,random_forest
N1,N2,slp60,4,random_forest
N1,N2,slp60,4,random_forest
N1,N2,slp60,4,random_forest
N1,N2,slp60,4,random_forest
N1,N2,slp60,4,random_forest
N1,N2,slp60,4,random_forest
N1,N2,slp60,4,random_forest
N1,N2,slp60,4,random_forest
N1,N2,slp60,4,random_forest
N1,N2,slp60,4,random_forest
N1,N2,slp60,4,random_forest
N1,N2,slp60,4,random_forest
N1,N2,slp60,4,random_forest
N2,N2,slp60,4,random_forest
N1,N2,slp60,4,random_forest
N1,N2,slp60,4,random_forest
N1,N2,slp60,4,random_forest
N1,N2,slp60,4,random_forest
N1,N2,slp60,4,random_forest
W,N2,slp60,4,random_forest
N1,N2,slp60,4,random_forest
N1,N2,slp60,4,random_forest
N1,N2,slp60,4,random_forest
N1,N2,slp60,4,random_forest
